1292052,肖申克的救赎,弗兰克·德拉邦特,9.7,蒂姆·罗宾斯/摩根·弗里曼/鲍勃·冈顿,https://img3.doubanio.com/view/photo/s_ratio_poster/public/p480747492.jpg
1291546,霸王别姬,陈凯歌,9.6,张国荣/张丰毅/巩俐,https://img3.doubanio.com/view/photo/s_ratio_poster/public/p2561716440.jpg
1292720,阿甘正传,罗伯特·泽米吉斯,9.5,汤姆·汉克斯/罗宾·怀特/加里·西尼斯,https://img3.doubanio.com/view/photo/s_ratio_poster/public/p2559011361.jpg
1295644,这个杀手不太冷,吕克·贝松,9.4,让·雷诺/娜塔莉·波特曼/加里·奥德曼,https://img3.doubanio.com/view/photo/s_ratio_poster/public/p511118051.jpg
1292063,美丽人生,罗伯托·贝尼尼,9.5,罗伯托·贝尼尼/尼可莱塔·布拉斯基/乔治·坎塔里尼,https://img3.doubanio.com/view/photo/s_ratio_poster/public/p510861873.jpg
1292722,泰坦尼克号,詹姆斯·卡梅隆,9.4,莱昂纳多·迪卡普里奥/凯特·温丝莱特/比利·赞恩,https://img3.doubanio.com/view/photo/s_ratio_poster/public/p457760035.jpg
1291561,千与千寻,宫崎骏,9.3,柊瑠美/入野自由/夏木真理,https://img1.doubanio.com/view/photo/s_ratio_poster/public/p2557573348.jpg
1295124,辛德勒的名单,史蒂文·斯皮尔伯格,9.5,连姆·尼森/本·金斯利/拉尔夫·费因斯,https://img3.doubanio.com/view/photo/s_ratio_poster/public/p492406163.jpg
3541415,盗梦空间,克里斯托弗·诺兰,9.3,莱昂纳多·迪卡普里奥/约瑟夫·高登-莱维特/艾伦·佩吉,https://img3.doubanio.com/view/photo/s_ratio_poster/public/p513344864.jpg
3011091,忠犬八公的故事,拉斯·霍尔斯道姆,9.3,理查·基尔/萨拉·罗默尔/琼·艾伦,https://img3.doubanio.com/view/photo/s_ratio_poster/public/p524964016.jpg
2131459,机器人总动员,安德鲁·斯坦顿,9.3,本·贝尔特/艾丽莎·奈特/杰夫·格尔林,https://img3.doubanio.com/view/photo/s_ratio_poster/public/p1461851991.jpg
3793023,三傻大闹宝莱坞,拉吉库马尔·希拉尼,9.2,阿米尔·汗/卡琳娜·卡普尔/马达范,https://img3.doubanio.com/view/photo/s_ratio_poster/public/p579729551.jpg
1291549,放牛班的春天,克里斯托夫·巴拉蒂,9.3,热拉尔·朱尼奥/弗朗索瓦·贝莱昂/凯德·麦拉德,https://img3.doubanio.com/view/photo/s_ratio_poster/public/p1910824951.jpg
1292001,海上钢琴师,朱塞佩·托纳多雷,9.2,蒂姆·罗斯/普路特·泰勒·文斯/比尔·努恩,https://img1.doubanio.com/view/photo/s_ratio_poster/public/p511146807.jpg
1292064,楚门的世界,彼得·威尔,9.2,金·凯瑞/劳拉·琳妮/艾德·哈里斯,https://img3.doubanio.com/view/photo/s_ratio_poster/public/p479682972.jpg
1889243,星际穿越,克里斯托弗·诺兰,9.3,马修·麦康纳/安妮·海瑟薇/杰西卡·查斯坦,https://img3.doubanio.com/view/photo/s_ratio_poster/public/p2206088801.jpg
1292213,大话西游之大圣娶亲,刘镇伟,9.2,周星驰/吴孟达/朱茵,https://img3.doubanio.com/view/photo/s_ratio_poster/public/p2455050536.jpg
1291560,龙猫,宫崎骏,9.2,日高法子/坂本千夏/糸井重里,https://img3.doubanio.com/view/photo/s_ratio_poster/public/p2540924496.jpg
5912992,熔炉,黄东赫,9.3,孔侑/郑有美/金志映,https://img3.doubanio.com/view/photo/s_ratio_poster/public/p1363250216.jpg
1291841,教父,弗朗西斯·福特·科波拉,9.3,马龙·白兰度/阿尔·帕西诺/詹姆斯·肯恩,https://img3.doubanio.com/view/photo/s_ratio_poster/public/p616779645.jpg
1307914,无间道,刘伟强,9.2,刘德华/梁朝伟/黄秋生,https://img3.doubanio.com/view/photo/s_ratio_poster/public/p2564556863.jpg
25662329,疯狂动物城,拜伦·霍华德,9.2,金妮弗·古德温/杰森·贝特曼/伊德里斯·艾尔巴,https://img1.doubanio.com/view/photo/s_ratio_poster/public/p2315672647.jpg
1849031,当幸福来敲门,加布里埃莱·穆奇诺,9.1,威尔·史密斯/贾登·史密斯/坦迪·牛顿,https://img1.doubanio.com/view/photo/s_ratio_poster/public/p1312700628.jpg
3319755,怦然心动,罗伯·莱纳,9.0,玛德琳·卡罗尔/卡兰·麦克奥利菲/瑞贝卡·德·莫妮,https://img3.doubanio.com/view/photo/s_ratio_poster/public/p663036666.jpg
6786002,触不可及,奥利维埃·纳卡什,9.2,弗朗索瓦·克鲁塞/奥玛·希/安娜·勒尼,https://img1.doubanio.com/view/photo/s_ratio_poster/public/p1454259399.jpg
1851857,蝙蝠侠：黑暗骑士,克里斯托弗·诺兰,9.1,克里斯蒂安·贝尔/希斯·莱杰/艾伦·艾克哈特,https://img3.doubanio.com/view/photo/s_ratio_poster/public/p462657443.jpg
1300267,乱世佳人,维克多·弗莱明,9.3,费雯·丽/克拉克·盖博/奥利维娅·德哈维兰,https://img3.doubanio.com/view/photo/s_ratio_poster/public/p1963126880.jpg
1292365,活着,张艺谋,9.2,葛优/巩俐/姜武,https://img3.doubanio.com/view/photo/s_ratio_poster/public/p2513253791.jpg
1296141,控方证人,比利·怀德,9.6,泰隆·鲍华/玛琳·黛德丽/查尔斯·劳顿,https://img1.doubanio.com/view/photo/s_ratio_poster/public/p1505392928.jpg
1929463,少年派的奇幻漂流,李安,9.0,苏拉·沙玛/伊尔凡·可汗/拉菲·斯波,https://img3.doubanio.com/view/photo/s_ratio_poster/public/p1784592701.jpg
26387939,摔跤吧！爸爸,涅提·蒂瓦里,9.0,阿米尔·汗/法缇玛·萨那·纱卡/桑亚·玛荷塔,https://img3.doubanio.com/view/photo/s_ratio_poster/public/p2457983084.jpg
1291552,指环王3：王者无敌,彼得·杰克逊,9.2,维果·莫腾森/伊利亚·伍德/西恩·奥斯汀,https://img3.doubanio.com/view/photo/s_ratio_poster/public/p1910825503.jpg
1291583,天空之城,宫崎骏,9.1,田中真弓/横泽启子/初井言荣,https://img1.doubanio.com/view/photo/s_ratio_poster/public/p1446261379.jpg
1291858,鬼子来了,姜文,9.2,姜文/香川照之/袁丁,https://img1.doubanio.com/view/photo/s_ratio_poster/public/p2553104888.jpg
1293182,十二怒汉,西德尼·吕美特,9.4,亨利·方达/马丁·鲍尔萨姆/约翰·菲德勒,https://img3.doubanio.com/view/photo/s_ratio_poster/public/p2173577632.jpg
1291828,天堂电影院,朱塞佩·托纳多雷,9.2,安东内拉·阿蒂利/恩佐·卡拉瓦勒/艾萨·丹尼埃利,https://img1.doubanio.com/view/photo/s_ratio_poster/public/p2559577569.jpg
2129039,飞屋环游记,彼特·道格特,9.0,爱德华·阿斯纳/克里斯托弗·普卢默/乔丹·长井,https://img3.doubanio.com/view/photo/s_ratio_poster/public/p485887754.jpg
1299398,大话西游之月光宝盒,刘镇伟,9.0,周星驰/吴孟达/罗家英,https://img3.doubanio.com/view/photo/s_ratio_poster/public/p2561721372.jpg
1308807,哈尔的移动城堡,宫崎骏,9.0,倍赏千惠子/木村拓哉/美轮明宏,https://img3.doubanio.com/view/photo/s_ratio_poster/public/p2174346180.jpg
1293839,罗马假日,威廉·惠勒,9.0,奥黛丽·赫本/格利高里·派克/埃迪·艾伯特,https://img3.doubanio.com/view/photo/s_ratio_poster/public/p2189265085.jpg
1292000,搏击俱乐部,大卫·芬奇,9.0,爱德华·诺顿/布拉德·皮特/海伦娜·伯翰·卡特,https://img1.doubanio.com/view/photo/s_ratio_poster/public/p1910926158.jpg
1293172,末代皇帝,贝纳尔多·贝托鲁奇,9.2,尊龙/陈冲/邬君梅,https://img3.doubanio.com/view/photo/s_ratio_poster/public/p452089833.jpg
20495023,寻梦环游记,李·昂克里奇,9.0,安东尼·冈萨雷斯/盖尔·加西亚·贝纳尔/本杰明·布拉特,https://img1.doubanio.com/view/photo/s_ratio_poster/public/p2503997609.jpg
1298624,闻香识女人,马丁·布莱斯特,9.0,阿尔·帕西诺/克里斯·奥唐纳/詹姆斯·瑞布霍恩,https://img1.doubanio.com/view/photo/s_ratio_poster/public/p2550757929.jpg
21937445,辩护人,杨宇硕,9.2,宋康昊/吴达洙/金英爱,https://img3.doubanio.com/view/photo/s_ratio_poster/public/p2158166535.jpg
21937452,素媛,李濬益,9.2,薛耿求/严志媛/李来,https://img3.doubanio.com/view/photo/s_ratio_poster/public/p2118532944.jpg
1900841,窃听风暴,弗洛里安·亨克尔·冯·多纳斯马尔克,9.1,乌尔里希·穆埃/马蒂娜·格德克/塞巴斯蒂安·科赫,https://img1.doubanio.com/view/photo/s_ratio_poster/public/p1808872109.jpg
1291548,死亡诗社,彼得·威尔,9.0,罗宾·威廉姆斯/罗伯特·肖恩·莱纳德/伊桑·霍克,https://img3.doubanio.com/view/photo/s_ratio_poster/public/p502437344.jpg
1293350,两杆大烟枪,盖·里奇,9.1,杰森·弗莱明/德克斯特·弗莱彻/尼克·莫兰,https://img1.doubanio.com/view/photo/s_ratio_poster/public/p792443418.jpg
1292224,飞越疯人院,米洛斯·福尔曼,9.1,杰克·尼科尔森/丹尼·德维托/克里斯托弗·洛伊德,https://img1.doubanio.com/view/photo/s_ratio_poster/public/p792238287.jpg
1291572,指环王2：双塔奇兵,彼得·杰克逊,9.0,伊利亚·伍德/西恩·奥斯汀/伊恩·麦克莱恩,https://img3.doubanio.com/view/photo/s_ratio_poster/public/p909265336.jpg
1299131,教父2,弗朗西斯·福特·科波拉,9.2,阿尔·帕西诺/罗伯特·杜瓦尔/黛安·基顿,https://img1.doubanio.com/view/photo/s_ratio_poster/public/p2194138787.jpg
1301753,狮子王,罗杰·阿勒斯,9.0,乔纳森·泰勒·托马斯/马修·布罗德里克/杰瑞米·艾恩斯,https://img1.doubanio.com/view/photo/s_ratio_poster/public/p726659067.jpg
1291571,指环王1：魔戒再现,彼得·杰克逊,9.0,伊利亚·伍德/西恩·奥斯汀/伊恩·麦克莱恩,https://img3.doubanio.com/view/photo/s_ratio_poster/public/p1354436051.jpg
1309046,V字仇杀队,詹姆斯·麦克特格,8.9,娜塔莉·波特曼/雨果·维文/斯蒂芬·瑞,https://img3.doubanio.com/view/photo/s_ratio_poster/public/p1465235231.jpg
1306029,美丽心灵,朗·霍华德,9.0,罗素·克劳/艾德·哈里斯/詹妮弗·康纳利,https://img3.doubanio.com/view/photo/s_ratio_poster/public/p1665997400.jpg
1291818,饮食男女,李安,9.1,郎雄/杨贵媚/吴倩莲,https://img3.doubanio.com/view/photo/s_ratio_poster/public/p1910899751.jpg
30170448,何以为家,娜丁·拉巴基,9.1,赞恩·阿尔·拉菲亚/约丹诺斯·希费罗/博鲁瓦蒂夫·特雷杰·班科尔,https://img1.doubanio.com/view/photo/s_ratio_poster/public/p2555295759.jpg
3442220,海豚湾,路易·西霍尤斯,9.3,Richard O'Barry/路易·西霍尤斯/Hardy Jones,https://img1.doubanio.com/view/photo/s_ratio_poster/public/p2559579779.jpg
1292220,情书,岩井俊二,8.9,中山美穗/丰川悦司/酒井美纪,https://img1.doubanio.com/view/photo/s_ratio_poster/public/p449897379.jpg
1418019,大闹天宫,万籁鸣,9.3,邱岳峰/富润生/毕克,https://img1.doubanio.com/view/photo/s_ratio_poster/public/p2184505167.jpg
1296736,钢琴家,罗曼·波兰斯基,9.1,艾德里安·布洛迪/托马斯·克莱舒曼/艾米莉娅·福克斯,https://img3.doubanio.com/view/photo/s_ratio_poster/public/p792484461.jpg
1295038,哈利·波特与魔法石,克里斯·哥伦布,8.9,丹尼尔·雷德克里夫/艾玛·沃森/鲁伯特·格林特,https://img3.doubanio.com/view/photo/s_ratio_poster/public/p804947166.jpg
1485260,本杰明·巴顿奇事,大卫·芬奇,8.9,凯特·布兰切特/布拉德·皮特/朱莉娅·奥蒙德,https://img3.doubanio.com/view/photo/s_ratio_poster/public/p2192535722.jpg
26580232,看不见的客人,奥里奥尔·保罗,8.8,马里奥·卡萨斯/阿娜·瓦格纳/何塞·科罗纳多,https://img3.doubanio.com/view/photo/s_ratio_poster/public/p2498971355.jpg
1291843,黑客帝国,莉莉·沃卓斯基,8.9,基努·里维斯/劳伦斯·菲什伯恩/凯瑞-安·莫斯,https://img1.doubanio.com/view/photo/s_ratio_poster/public/p451926968.jpg
1292402,西西里的美丽传说,朱塞佩·托纳多雷,8.8,莫妮卡·贝鲁奇/朱塞佩·苏尔法罗/Luciano Federico,https://img1.doubanio.com/view/photo/s_ratio_poster/public/p2441988159.jpg
1303021,小鞋子,马基德·马基迪,9.2,法拉赫阿米尔·哈什米安/默罕默德·阿米尔·纳吉/巴哈丽·西迪奇,https://img3.doubanio.com/view/photo/s_ratio_poster/public/p2173580536.jpg
3742360,让子弹飞,姜文,8.8,姜文/葛优/周润发,https://img1.doubanio.com/view/photo/s_ratio_poster/public/p1512562287.jpg
1292262,美国往事,赛尔乔·莱昂内,9.2,罗伯特·德尼罗/詹姆斯·伍兹/伊丽莎白·麦戈文,https://img1.doubanio.com/view/photo/s_ratio_poster/public/p477229647.jpg
1292849,拯救大兵瑞恩,史蒂文·斯皮尔伯格,9.0,汤姆·汉克斯/汤姆·塞兹摩尔/爱德华·伯恩斯,https://img3.doubanio.com/view/photo/s_ratio_poster/public/p1014542496.jpg
1294408,音乐之声,罗伯特·怀斯,9.0,朱莉·安德鲁斯/克里斯托弗·普卢默/埃琳诺·帕克,https://img3.doubanio.com/view/photo/s_ratio_poster/public/p2189265302.jpg
1305487,猫鼠游戏,史蒂文·斯皮尔伯格,8.9,莱昂纳多·迪卡普里奥/汤姆·汉克斯/克里斯托弗·沃肯,https://img3.doubanio.com/view/photo/s_ratio_poster/public/p453924541.jpg
1780330,致命魔术,克里斯托弗·诺兰,8.8,休·杰克曼/克里斯蒂安·贝尔/迈克尔·凯恩,https://img3.doubanio.com/view/photo/s_ratio_poster/public/p480383375.jpg
1292223,七宗罪,大卫·芬奇,8.8,摩根·弗里曼/布拉德·皮特/凯文·史派西,https://img3.doubanio.com/view/photo/s_ratio_poster/public/p457631605.jpg
1787291,被嫌弃的松子的一生,中岛哲也,8.9,中谷美纪/瑛太/香川照之,https://img3.doubanio.com/view/photo/s_ratio_poster/public/p884763596.jpg
1291832,低俗小说,昆汀·塔伦蒂诺,8.8,约翰·特拉沃尔塔/乌玛·瑟曼/阿曼达·普拉莫,https://img3.doubanio.com/view/photo/s_ratio_poster/public/p1910902213.jpg
1293544,沉默的羔羊,乔纳森·戴米,8.8,朱迪·福斯特/安东尼·霍普金斯/斯科特·格伦,https://img1.doubanio.com/view/photo/s_ratio_poster/public/p1593414327.jpg
1292343,蝴蝶效应,埃里克·布雷斯,8.8,阿什顿·库彻/梅洛拉·沃尔特斯/艾米·斯马特,https://img1.doubanio.com/view/photo/s_ratio_poster/public/p2209066019.jpg
1292679,春光乍泄,王家卫,8.9,张国荣/梁朝伟/张震,https://img3.doubanio.com/view/photo/s_ratio_poster/public/p465939041.jpg
3008247,穿条纹睡衣的男孩,马克·赫尔曼,9.0,阿萨·巴特菲尔德/维拉·法米加/卡拉·霍根,https://img3.doubanio.com/view/photo/s_ratio_poster/public/p1473670352.jpg
1294639,勇敢的心,梅尔·吉布森,8.9,梅尔·吉布森/苏菲·玛索/布莱恩·考克斯,https://img3.doubanio.com/view/photo/s_ratio_poster/public/p1374546770.jpg
1292215,天使爱美丽,让-皮埃尔·热内,8.7,奥黛丽·塔图/马修·卡索维茨/吕菲斯,https://img3.doubanio.com/view/photo/s_ratio_poster/public/p2447590313.jpg
1292370,剪刀手爱德华,蒂姆·波顿,8.7,约翰尼·德普/薇诺娜·瑞德/黛安·韦斯特,https://img1.doubanio.com/view/photo/s_ratio_poster/public/p480956937.jpg
1292656,心灵捕手,格斯·范·桑特,8.8,马特·达蒙/罗宾·威廉姆斯/本·阿弗莱克,https://img3.doubanio.com/view/photo/s_ratio_poster/public/p480965695.jpg
2334904,禁闭岛,马丁·斯科塞斯,8.8,莱昂纳多·迪卡普里奥/马克·鲁弗洛/本·金斯利,https://img1.doubanio.com/view/photo/s_ratio_poster/public/p1832875827.jpg
11525673,布达佩斯大饭店,韦斯·安德森,8.8,拉尔夫·费因斯/托尼·雷沃罗利/艾德里安·布洛迪,https://img3.doubanio.com/view/photo/s_ratio_poster/public/p2178872593.jpg
1652587,阿凡达,詹姆斯·卡梅隆,8.7,萨姆·沃辛顿/佐伊·索尔达娜/西格妮·韦弗,https://img1.doubanio.com/view/photo/s_ratio_poster/public/p2180085848.jpg
2149806,入殓师,泷田洋二郎,8.8,本木雅弘/广末凉子/山崎努,https://img1.doubanio.com/view/photo/s_ratio_poster/public/p594972928.jpg
1297359,幽灵公主,宫崎骏,8.9,松田洋治/石田百合子/田中裕子,https://img3.doubanio.com/view/photo/s_ratio_poster/public/p1613191025.jpg
1298070,加勒比海盗,戈尔·维宾斯基,8.7,约翰尼·德普/杰弗里·拉什/奥兰多·布鲁姆,https://img3.doubanio.com/view/photo/s_ratio_poster/public/p1596085504.jpg
1294371,摩登时代,查理·卓别林,9.3,查理·卓别林/宝莲·高黛/亨利·伯格曼,https://img3.doubanio.com/view/photo/s_ratio_poster/public/p2173707976.jpg
1297192,致命ID,詹姆斯·曼高德,8.7,约翰·库萨克/雷·利奥塔/阿曼达·皮特,https://img3.doubanio.com/view/photo/s_ratio_poster/public/p2558364386.jpg
1418834,断背山,李安,8.7,希斯·莱杰/杰克·吉伦哈尔/米歇尔·威廉姆斯,https://img1.doubanio.com/view/photo/s_ratio_poster/public/p513535588.jpg
1291875,阳光灿烂的日子,姜文,8.8,夏雨/宁静/陶虹,https://img3.doubanio.com/view/photo/s_ratio_poster/public/p2564685215.jpg
1291999,重庆森林,王家卫,8.7,林青霞/金城武/梁朝伟,https://img3.doubanio.com/view/photo/s_ratio_poster/public/p792381411.jpg
1297630,第六感,M·奈特·沙马兰,8.8,布鲁斯·威利斯/海利·乔·奥斯蒙/托妮·科莱特,https://img3.doubanio.com/view/photo/s_ratio_poster/public/p2220184425.jpg
6985810,狩猎,托马斯·温特伯格,9.1,麦斯·米科尔森/托玛斯·博·拉森/安妮卡·韦德科普,https://img1.doubanio.com/view/photo/s_ratio_poster/public/p1546987967.jpg
1302425,喜剧之王,周星驰,8.7,周星驰/张柏芝/莫文蔚,https://img3.doubanio.com/view/photo/s_ratio_poster/public/p1043597424.jpg
3072124,玛丽和马克思,亚当·艾略特,8.9,托妮·科莱特/菲利普·塞默·霍夫曼/巴瑞·哈姆弗莱斯,https://img1.doubanio.com/view/photo/s_ratio_poster/public/p1820615077.jpg
26752088,我不是药神,文牧野,9.0,徐峥/王传君/周一围,https://img3.doubanio.com/view/photo/s_ratio_poster/public/p2561305376.jpg
21318488,消失的爱人,大卫·芬奇,8.7,本·阿弗莱克/裴淳华/尼尔·帕特里克·哈里斯,https://img3.doubanio.com/view/photo/s_ratio_poster/public/p2221768894.jpg
4268598,告白,中岛哲也,8.7,松隆子/冈田将生/木村佳乃,https://img3.doubanio.com/view/photo/s_ratio_poster/public/p689520756.jpg
25814705,小森林 夏秋篇,森淳一,9.0,桥本爱/三浦贵大/松冈茉优,https://img3.doubanio.com/view/photo/s_ratio_poster/public/p2564498893.jpg
1291545,大鱼,蒂姆·波顿,8.8,伊万·麦克格雷格/阿尔伯特·芬尼/比利·克鲁德普,https://img3.doubanio.com/view/photo/s_ratio_poster/public/p692813374.jpg
1292434,一一,杨德昌,9.0,吴念真/李凯莉/金燕玲,https://img1.doubanio.com/view/photo/s_ratio_poster/public/p2119675128.jpg
26799731,请以你的名字呼唤我,卢卡·瓜达尼诺,8.8,艾米·汉莫/蒂莫西·柴勒梅德/迈克尔·斯图巴,https://img3.doubanio.com/view/photo/s_ratio_poster/public/p2505525050.jpg
4917726,阳光姐妹淘,姜炯哲,8.8,沈恩京/闵孝琳/姜素拉,https://img1.doubanio.com/view/photo/s_ratio_poster/public/p1374786017.jpg
1296339,爱在黎明破晓前,理查德·林克莱特,8.8,伊桑·霍克/朱莉·德尔佩/安德莉亚·埃克特,https://img3.doubanio.com/view/photo/s_ratio_poster/public/p2555762374.jpg
1316510,射雕英雄传之东成西就,刘镇伟,8.7,梁朝伟/林青霞/张国荣,https://img1.doubanio.com/view/photo/s_ratio_poster/public/p2535922598.jpg
1297052,侧耳倾听,近藤喜文,8.9,本名阳子/小林桂树/高山南,https://img3.doubanio.com/view/photo/s_ratio_poster/public/p456692072.jpg
1305164,甜蜜蜜,陈可辛,8.8,黎明/张曼玉/杨恭如,https://img3.doubanio.com/view/photo/s_ratio_poster/public/p2223011274.jpg
1865703,红辣椒,今敏,9.0,林原惠美/江守彻/堀胜之祐,https://img3.doubanio.com/view/photo/s_ratio_poster/public/p672363704.jpg
25958717,海蒂和爷爷,阿兰·葛斯彭纳,9.1,阿努克·斯特芬/布鲁诺·甘茨/昆林·艾格匹,https://img3.doubanio.com/view/photo/s_ratio_poster/public/p2554525534.jpg
2353023,驯龙高手,迪恩·德布洛斯,8.7,杰伊·巴鲁切尔/杰拉德·巴特勒/克雷格·费格森,https://img3.doubanio.com/view/photo/s_ratio_poster/public/p2210954024.jpg
1300299,杀人回忆,奉俊昊,8.8,宋康昊/金相庆/金雷河,https://img1.doubanio.com/view/photo/s_ratio_poster/public/p480225538.jpg
1297447,倩女幽魂,程小东,8.7,张国荣/王祖贤/午马,https://img3.doubanio.com/view/photo/s_ratio_poster/public/p2414157745.jpg
5322596,超脱,托尼·凯耶,8.8,艾德里安·布洛迪/马西娅·盖伊·哈登/詹姆斯·肯恩,https://img3.doubanio.com/view/photo/s_ratio_poster/public/p1305562621.jpg
10777687,7号房的礼物,李焕庆,8.8,柳承龙/朴信惠/郑镇荣,https://img3.doubanio.com/view/photo/s_ratio_poster/public/p1816276065.jpg
21360417,恐怖直播,金秉祐,8.8,河正宇/李璟荣/全慧珍,https://img3.doubanio.com/view/photo/s_ratio_poster/public/p2016930906.jpg
1293359,菊次郎的夏天,北野武,8.8,北野武/关口雄介/岸本加世子,https://img3.doubanio.com/view/photo/s_ratio_poster/public/p751835224.jpg
3011235,哈利·波特与死亡圣器(下),大卫·叶茨,8.7,丹尼尔·雷德克里夫/艾玛·沃森/鲁伯特·格林特,https://img3.doubanio.com/view/photo/s_ratio_poster/public/p917846733.jpg
25814707,小森林 冬春篇,森淳一,9.0,桥本爱/三浦贵大/松冈茉优,https://img1.doubanio.com/view/photo/s_ratio_poster/public/p2215147728.jpg
1291990,爱在日落黄昏时,理查德·林克莱特,8.8,伊桑·霍克/朱莉·德尔佩/弗农·多布切夫,https://img3.doubanio.com/view/photo/s_ratio_poster/public/p2191788134.jpg
1291585,风之谷,宫崎骏,8.8,岛本须美/松田洋治/榊原良子,https://img3.doubanio.com/view/photo/s_ratio_poster/public/p1917567652.jpg
1292274,幸福终点站,史蒂文·斯皮尔伯格,8.7,汤姆·汉克斯/凯瑟琳·泽塔-琼斯/斯坦利·图齐,https://img1.doubanio.com/view/photo/s_ratio_poster/public/p854757687.jpg
3395373,蝙蝠侠：黑暗骑士崛起,克里斯托弗·诺兰,8.7,克里斯蒂安·贝尔/汤姆·哈迪/安妮·海瑟薇,https://img3.doubanio.com/view/photo/s_ratio_poster/public/p1706428744.jpg
5989818,萤火之森,大森贵弘,8.8,佐仓绫音/内山昂辉/辻亲八,https://img1.doubanio.com/view/photo/s_ratio_poster/public/p1272904657.jpg
1292208,上帝之城,费尔南多·梅里尔斯,8.9,亚历桑德雷·罗德里格斯/莱安德鲁·菲尔米诺/菲利佩·哈根森,https://img3.doubanio.com/view/photo/s_ratio_poster/public/p455677490.jpg
1306249,唐伯虎点秋香,李力持,8.6,周星驰/巩俐/陈百祥,https://img3.doubanio.com/view/photo/s_ratio_poster/public/p1946455272.jpg
4202302,借东西的小人阿莉埃蒂,米林宏昌,8.8,志田未来/神木隆之介/树木希林,https://img3.doubanio.com/view/photo/s_ratio_poster/public/p617533616.jpg
11026735,超能陆战队,唐·霍尔,8.6,斯科特·安第斯/瑞恩·波特/丹尼尔·海尼,https://img1.doubanio.com/view/photo/s_ratio_poster/public/p2224568669.jpg
3287562,神偷奶爸,皮埃尔·柯芬,8.6,史蒂夫·卡瑞尔/杰森·席格尔/拉塞尔·布兰德,https://img1.doubanio.com/view/photo/s_ratio_poster/public/p792776858.jpg
1292337,无人知晓,是枝裕和,9.1,柳乐优弥/北浦爱/木村飞影,https://img3.doubanio.com/view/photo/s_ratio_poster/public/p661160053.jpg
1291579,怪兽电力公司,彼特·道格特,8.7,约翰·古德曼/比利·克里斯托/玛丽·吉布斯,https://img1.doubanio.com/view/photo/s_ratio_poster/public/p2513247938.jpg
1417598,电锯惊魂,温子仁,8.7,雷·沃纳尔/加利·艾尔维斯/丹尼·格洛弗,https://img3.doubanio.com/view/photo/s_ratio_poster/public/p2565332644.jpg
1858711,玩具总动员3,李·昂克里奇,8.8,汤姆·汉克斯/蒂姆·艾伦/琼·库萨克,https://img1.doubanio.com/view/photo/s_ratio_poster/public/p1283675359.jpg
3792799,岁月神偷,罗启锐,8.7,吴君如/任达华/钟绍图,https://img3.doubanio.com/view/photo/s_ratio_poster/public/p456666151.jpg
26325320,血战钢锯岭,梅尔·吉布森,8.7,安德鲁·加菲尔德/萨姆·沃辛顿/文斯·沃恩,https://img1.doubanio.com/view/photo/s_ratio_poster/public/p2398141939.jpg
1578507,谍影重重3,保罗·格林格拉斯,8.8,马特·达蒙/朱丽娅·斯蒂尔斯/大卫·斯特雷泽恩,https://img1.doubanio.com/view/photo/s_ratio_poster/public/p792223507.jpg
1907966,疯狂原始人,柯克·德·米科,8.7,尼古拉斯·凯奇/艾玛·斯通/瑞恩·雷诺兹,https://img1.doubanio.com/view/photo/s_ratio_poster/public/p1867084027.jpg
1297574,英雄本色,吴宇森,8.7,周润发/狄龙/张国荣,https://img1.doubanio.com/view/photo/s_ratio_poster/public/p2504997087.jpg
1303037,喜宴,李安,8.9,赵文瑄/郎雄/归亚蕾,https://img3.doubanio.com/view/photo/s_ratio_poster/public/p2173713676.jpg
1295399,七武士,黑泽明,9.2,三船敏郎/志村乔/稻叶义男,https://img3.doubanio.com/view/photo/s_ratio_poster/public/p647099823.jpg
1293318,萤火虫之墓,高畑勋,8.7,辰己努/白石绫乃/志乃原良子,https://img1.doubanio.com/view/photo/s_ratio_poster/public/p1157334208.jpg
1292328,东邪西毒,王家卫,8.6,张国荣/林青霞/梁朝伟,https://img3.doubanio.com/view/photo/s_ratio_poster/public/p1982176012.jpg
1418200,傲慢与偏见,乔·赖特,8.6,凯拉·奈特莉/马修·麦克费登/唐纳德·萨瑟兰,https://img3.doubanio.com/view/photo/s_ratio_poster/public/p452005185.jpg
1292401,真爱至上,理查德·柯蒂斯,8.6,休·格兰特/科林·费尔斯/艾玛·汤普森,https://img3.doubanio.com/view/photo/s_ratio_poster/public/p475600770.jpg
10577869,时空恋旅人,理查德·柯蒂斯,8.7,多姆纳尔·格里森/瑞秋·麦克亚当斯/比尔·奈伊,https://img3.doubanio.com/view/photo/s_ratio_poster/public/p2070153774.jpg
2209573,贫民窟的百万富翁,丹尼·博伊尔,8.6,戴夫·帕特尔/沙鲁巴·舒克拉/亚尼·卡普,https://img3.doubanio.com/view/photo/s_ratio_poster/public/p2434249040.jpg
1978709,黑天鹅,达伦·阿伦诺夫斯基,8.5,娜塔莉·波特曼/米拉·库尼斯/文森特·卡索,https://img3.doubanio.com/view/photo/s_ratio_poster/public/p2549648344.jpg
1304447,记忆碎片,克里斯托弗·诺兰,8.6,盖·皮尔斯/凯瑞-安·莫斯/乔·潘托里亚诺,https://img3.doubanio.com/view/photo/s_ratio_poster/public/p641688453.jpg
25917973,心迷宫,忻钰坤,8.7,霍卫民/王笑天/罗芸,https://img3.doubanio.com/view/photo/s_ratio_poster/public/p2276780256.jpg
1295409,纵横四海,吴宇森,8.8,周润发/张国荣/钟楚红,https://img3.doubanio.com/view/photo/s_ratio_poster/public/p2272146906.jpg
1294240,教父3,弗朗西斯·福特·科波拉,8.8,阿尔·帕西诺/黛安·基顿/塔莉娅·夏尔,https://img3.doubanio.com/view/photo/s_ratio_poster/public/p2169664351.jpg
24750126,荒蛮故事,达米安·斯兹弗隆,8.8,达里奥·格兰迪内蒂/玛丽娅·玛努尔/莫妮卡·比利亚,https://img3.doubanio.com/view/photo/s_ratio_poster/public/p2192834364.jpg
1300992,完美的世界,克林特·伊斯特伍德,9.1,凯文·科斯特纳/劳拉·邓恩/克林特·伊斯特伍德,https://img1.doubanio.com/view/photo/s_ratio_poster/public/p2190556408.jpg
1793929,达拉斯买家俱乐部,让-马克·瓦雷,8.7,马修·麦康纳/詹妮弗·加纳/杰瑞德·莱托,https://img1.doubanio.com/view/photo/s_ratio_poster/public/p2166160837.jpg
26611804,三块广告牌,马丁·麦克唐纳,8.7,弗兰西斯·麦克多蒙德/伍迪·哈里森/山姆·洛克威尔,https://img1.doubanio.com/view/photo/s_ratio_poster/public/p2510081688.jpg
1291870,雨人,巴瑞·莱文森,8.7,达斯汀·霍夫曼/汤姆·克鲁斯/瓦莱丽亚·戈利诺,https://img3.doubanio.com/view/photo/s_ratio_poster/public/p942376281.jpg
6307447,被解救的姜戈,昆汀·塔伦蒂诺,8.7,杰米·福克斯/莱昂纳多·迪卡普里奥/克里斯托弗·沃尔兹,https://img1.doubanio.com/view/photo/s_ratio_poster/public/p1959232369.jpg
1291557,花样年华,王家卫,8.6,梁朝伟/张曼玉/潘迪华,https://img3.doubanio.com/view/photo/s_ratio_poster/public/p1910828286.jpg
1291822,卢旺达饭店,特瑞·乔治,8.9,唐·钱德尔/苏菲·奥康内多/杰昆·菲尼克斯,https://img3.doubanio.com/view/photo/s_ratio_poster/public/p2159368352.jpg
26683290,你的名字。,新海诚,8.4,神木隆之介/上白石萌音/长泽雅美,https://img1.doubanio.com/view/photo/s_ratio_poster/public/p2395733377.jpg
1306861,我是山姆,杰茜·尼尔森,8.9,西恩·潘/达科塔·范宁/米歇尔·菲佛,https://img3.doubanio.com/view/photo/s_ratio_poster/public/p652417775.jpg
1307315,哪吒闹海,严定宪,9.0,梁正晖/邱岳峰/毕克,https://img3.doubanio.com/view/photo/s_ratio_poster/public/p2516566783.jpg
10533913,头脑特工队,彼特·道格特,8.7,艾米·波勒/菲利丝·史密斯/理查德·坎德,https://img3.doubanio.com/view/photo/s_ratio_poster/public/p2266293606.jpg
25980443,海边的曼彻斯特,肯尼思·洛纳根,8.6,卡西·阿弗莱克/卢卡斯·赫奇斯/米歇尔·威廉姆斯,https://img1.doubanio.com/view/photo/s_ratio_poster/public/p2496940327.jpg
4848115,你看起来好像很好吃,藤森雅也,8.8,山口胜平/爱河里花子/加藤清史郎,https://img1.doubanio.com/view/photo/s_ratio_poster/public/p2554167519.jpg
1309163,恋恋笔记本,尼克·卡萨维茨,8.5,瑞恩·高斯林/瑞秋·麦克亚当斯/吉娜·罗兰兹,https://img3.doubanio.com/view/photo/s_ratio_poster/public/p483604864.jpg
6534248,无敌破坏王,瑞奇·摩尔,8.7,约翰·C·赖利/萨拉·西尔弗曼/杰克·麦克布瑞尔,https://img3.doubanio.com/view/photo/s_ratio_poster/public/p1735642656.jpg
1291578,冰川时代,卡洛斯·沙尔丹哈,8.5,雷·罗马诺/约翰·雷吉扎莫/丹尼斯·利瑞,https://img1.doubanio.com/view/photo/s_ratio_poster/public/p1910895719.jpg
26430107,二十二,郭柯,8.7,,https://img1.doubanio.com/view/photo/s_ratio_poster/public/p2457609817.jpg
1296909,虎口脱险,热拉尔·乌里,8.9,路易·德·菲奈斯/布尔维尔/克劳迪奥·布鲁克,https://img3.doubanio.com/view/photo/s_ratio_poster/public/p2399597512.jpg
1395091,未麻的部屋,今敏,8.9,岩男润子/松本梨香/辻亲八,https://img3.doubanio.com/view/photo/s_ratio_poster/public/p1351050722.jpg
3443389,海洋,雅克·贝汉,9.1,皮尔斯·布鲁斯南/雅克·贝汉/姜文,https://img3.doubanio.com/view/photo/s_ratio_poster/public/p2559581324.jpg
10463953,模仿游戏,莫滕·泰杜姆,8.6,本尼迪克特·康伯巴奇/凯拉·奈特莉/马修·古迪,https://img3.doubanio.com/view/photo/s_ratio_poster/public/p2255040492.jpg
25773932,爆裂鼓手,达米恩·查泽雷,8.7,迈尔斯·特勒/J·K·西蒙斯/保罗·雷瑟,https://img3.doubanio.com/view/photo/s_ratio_poster/public/p2220776342.jpg
1293460,雨中曲,斯坦利·多南,9.0,吉恩·凯利/唐纳德·奥康纳/黛比·雷诺斯,https://img3.doubanio.com/view/photo/s_ratio_poster/public/p1612355875.jpg
26628357,一个叫欧维的男人决定去死,汉内斯·赫尔姆,8.8,罗夫·拉斯加德/巴哈·帕斯/托比亚斯·阿姆博瑞,https://img3.doubanio.com/view/photo/s_ratio_poster/public/p2406624993.jpg
1959195,忠犬八公物语,神山征二郎,9.1,山本圭/井川比佐志/片桐入,https://img3.doubanio.com/view/photo/s_ratio_poster/public/p1576418852.jpg
1295865,燃情岁月,爱德华·兹威克,8.8,布拉德·皮特/安东尼·霍普金斯/艾丹·奎因,https://img1.doubanio.com/view/photo/s_ratio_poster/public/p1023654037.jpg
1302827,人工智能,史蒂文·斯皮尔伯格,8.6,海利·乔·奥斯蒙/弗兰西丝·奥康纳/山姆·洛巴兹,https://img1.doubanio.com/view/photo/s_ratio_poster/public/p792257137.jpg
1428581,天书奇谭,王树忱,9.2,丁建华/毕克/苏秀,https://img1.doubanio.com/view/photo/s_ratio_poster/public/p2515539487.jpg
1307811,魔女宅急便,宫崎骏,8.6,高山南/佐久间玲/户田惠子,https://img3.doubanio.com/view/photo/s_ratio_poster/public/p456676352.jpg
25724855,房间,伦尼·阿伯拉罕森,8.8,布丽·拉尔森/雅各布·特伦布莱/肖恩·布里吉格斯,https://img3.doubanio.com/view/photo/s_ratio_poster/public/p2259715855.jpg
1937946,穿越时空的少女,细田守,8.6,仲里依纱/石田卓也/板仓光隆,https://img3.doubanio.com/view/photo/s_ratio_poster/public/p2079334286.jpg
1302467,黑客帝国3：矩阵革命,莉莉·沃卓斯基,8.7,基努·里维斯/劳伦斯·菲什伯恩/凯瑞-安·莫斯,https://img1.doubanio.com/view/photo/s_ratio_poster/public/p2220873438.jpg
3011051,恐怖游轮,克里斯托弗·史密斯,8.4,梅利莎·乔治/利亚姆·海姆斯沃斯/迈克尔·多曼,https://img3.doubanio.com/view/photo/s_ratio_poster/public/p462470694.jpg
25895901,海街日记,是枝裕和,8.7,绫濑遥/长泽雅美/夏帆,https://img1.doubanio.com/view/photo/s_ratio_poster/public/p2232247487.jpg
1293964,魂断蓝桥,茂文·勒鲁瓦,8.8,费雯·丽/罗伯特·泰勒/露塞尔·沃特森,https://img1.doubanio.com/view/photo/s_ratio_poster/public/p2351134499.jpg
4920389,头号玩家,史蒂文·斯皮尔伯格,8.7,泰伊·谢里丹/奥利维亚·库克/本·门德尔森,https://img1.doubanio.com/view/photo/s_ratio_poster/public/p2516578307.jpg
1292528,猜火车,丹尼·博伊尔,8.5,伊万·麦克格雷格/艾文·布莱纳/约翰尼·李·米勒,https://img1.doubanio.com/view/photo/s_ratio_poster/public/p513567548.jpg
26614893,完美陌生人,保罗·杰诺维塞,8.5,马可·贾利尼/卡夏·斯穆特尼亚克/爱德华多·莱奥,https://img3.doubanio.com/view/photo/s_ratio_poster/public/p2522331945.jpg
1291879,罗生门,黑泽明,8.8,三船敏郎/千秋实/京町子,https://img1.doubanio.com/view/photo/s_ratio_poster/public/p2564689879.jpg
1293181,惊魂记,阿尔弗雷德·希区柯克,8.9,珍妮特·利/安东尼·博金斯/维拉·迈尔斯,https://img3.doubanio.com/view/photo/s_ratio_poster/public/p1021883305.jpg
1291543,功夫,周星驰,8.4,周星驰/元秋/元华,https://img1.doubanio.com/view/photo/s_ratio_poster/public/p2219011938.jpg
1305690,阿飞正传,王家卫,8.5,张国荣/张曼玉/刘嘉玲,https://img3.doubanio.com/view/photo/s_ratio_poster/public/p2525770523.jpg
1760622,香水,汤姆·提克威,8.5,本·卫肖/艾伦·瑞克曼/蕾切儿·哈伍德,https://img1.doubanio.com/view/photo/s_ratio_poster/public/p470006658.jpg
1308857,可可西里,陆川,8.7,多布杰/张正阳/奇道,https://img3.doubanio.com/view/photo/s_ratio_poster/public/p2414771522.jpg
1308767,谍影重重2,保罗·格林格拉斯,8.6,马特·达蒙/弗朗卡·波滕特/布莱恩·考克斯,https://img3.doubanio.com/view/photo/s_ratio_poster/public/p667644866.jpg
1292329,牯岭街少年杀人事件,杨德昌,8.8,张震/杨静怡/张国柱,https://img3.doubanio.com/view/photo/s_ratio_poster/public/p848381236.jpg
2213597,朗读者,史蒂芬·戴德利,8.5,凯特·温丝莱特/大卫·克劳斯/拉尔夫·费因斯,https://img1.doubanio.com/view/photo/s_ratio_poster/public/p1140984198.jpg
2297265,浪潮,丹尼斯·甘塞尔,8.7,于尔根·福格尔/弗雷德里克·劳/马克思·雷迈特,https://img3.doubanio.com/view/photo/s_ratio_poster/public/p1344888983.jpg
1304102,谍影重重,道格·里曼,8.6,马特·达蒙/弗朗卡·波滕特/克里斯·库珀,https://img3.doubanio.com/view/photo/s_ratio_poster/public/p1597183981.jpg
1862151,疯狂的石头,宁浩,8.4,郭涛/刘桦/连晋,https://img3.doubanio.com/view/photo/s_ratio_poster/public/p712241453.jpg
1419936,战争之王,安德鲁·尼科尔,8.6,尼古拉斯·凯奇/布丽姬·穆娜/杰瑞德·莱托,https://img3.doubanio.com/view/photo/s_ratio_poster/public/p792282381.jpg
2363506,地球上的星星,阿米尔·汗,8.9,达席尔·萨法瑞/阿米尔·汗/塔奈·切赫达,https://img3.doubanio.com/view/photo/s_ratio_poster/public/p1973489335.jpg
4739952,初恋这件小事,普特鹏·普罗萨卡·那·萨克那卡林,8.3,平采娜·乐维瑟派布恩/马里奥·毛瑞尔/苏达拉·布查蓬,https://img3.doubanio.com/view/photo/s_ratio_poster/public/p1505312273.jpg
1303394,青蛇,徐克,8.5,张曼玉/王祖贤/赵文卓,https://img3.doubanio.com/view/photo/s_ratio_poster/public/p584021784.jpg
1291844,终结者2：审判日,詹姆斯·卡梅隆,8.6,阿诺·施瓦辛格/琳达·汉密尔顿/爱德华·福隆,https://img3.doubanio.com/view/photo/s_ratio_poster/public/p1910909085.jpg
26787574,奇迹男孩,斯蒂芬·卓博斯基,8.6,雅各布·特伦布莱/朱莉娅·罗伯茨/伊扎贝拉·维多维奇,https://img1.doubanio.com/view/photo/s_ratio_poster/public/p2507709428.jpg
10808442,爱在午夜降临前,理查德·林克莱特,8.8,伊桑·霍克/朱莉·德尔佩/肖姆斯·戴维-菲茨帕特里克,https://img1.doubanio.com/view/photo/s_ratio_poster/public/p2074715729.jpg
3075287,源代码,邓肯·琼斯,8.4,杰克·吉伦哈尔/维拉·法米加/米歇尔·莫纳汉,https://img3.doubanio.com/view/photo/s_ratio_poster/public/p988260245.jpg
1292287,新龙门客栈,李惠民,8.6,张曼玉/林青霞/梁家辉,https://img1.doubanio.com/view/photo/s_ratio_poster/public/p1421018669.jpg
2222996,步履不停,是枝裕和,8.8,阿部宽/夏川结衣/江原由希子,https://img3.doubanio.com/view/photo/s_ratio_poster/public/p2561539680.jpg
26393561,小萝莉的猴神大叔,卡比尔·汗,8.5,萨尔曼·汗/哈莎莉·马洛特拉/卡琳娜·卡普尔,https://img3.doubanio.com/view/photo/s_ratio_poster/public/p2510956726.jpg
1438652,无耻混蛋,昆汀·塔伦蒂诺,8.5,布拉德·皮特/梅拉尼·罗兰/克里斯托弗·沃尔兹,https://img3.doubanio.com/view/photo/s_ratio_poster/public/p770734475.jpg
25986180,釜山行,延尚昊,8.4,孔侑/郑有美/马东锡,https://img1.doubanio.com/view/photo/s_ratio_poster/public/p2360940399.jpg
6874403,再次出发之纽约遇见你,约翰·卡尼,8.5,凯拉·奈特莉/马克·鲁弗洛/亚当·莱文,https://img3.doubanio.com/view/photo/s_ratio_poster/public/p2250287733.jpg
5964718,一次别离,阿斯哈·法哈蒂,8.7,佩曼·莫阿迪/蕾拉·哈塔米/萨瑞·巴亚特,https://img3.doubanio.com/view/photo/s_ratio_poster/public/p2189835254.jpg
1397546,追随,克里斯托弗·诺兰,8.9,杰里米·西奥伯德/亚历克斯·霍/露西·拉塞尔,https://img3.doubanio.com/view/photo/s_ratio_poster/public/p2074443514.jpg
10437779,新世界,朴勋政,8.7,李政宰/崔岷植/黄政民,https://img1.doubanio.com/view/photo/s_ratio_poster/public/p1903379979.jpg
1428175,血钻,爱德华·兹威克,8.6,莱昂纳多·迪卡普里奥/杰曼·翰苏/詹妮弗·康纳利,https://img3.doubanio.com/view/photo/s_ratio_poster/public/p1244017073.jpg
25807345,彗星来的那一夜,詹姆斯·沃德·布柯特,8.5,艾米丽·芭尔多尼/莫瑞·史特林/尼古拉斯·布兰登,https://img3.doubanio.com/view/photo/s_ratio_poster/public/p2187896734.jpg
1292226,2001太空漫游,斯坦利·库布里克,8.7,凯尔·杜拉/加里·洛克伍德/威廉姆·西尔维斯特,https://img3.doubanio.com/view/photo/s_ratio_poster/public/p2500694952.jpg
1293908,城市之光,查理·卓别林,9.3,查理·卓别林/弗吉尼亚·切瑞尔/佛罗伦斯·李,https://img1.doubanio.com/view/photo/s_ratio_poster/public/p2170238828.jpg
1291568,东京物语,小津安二郎,9.2,笠智众/原节子/杉村春子,https://img3.doubanio.com/view/photo/s_ratio_poster/public/p1925331564.jpg
1300374,绿里奇迹,弗兰克·德拉邦特,8.7,汤姆·汉克斯/大卫·摩斯/迈克·克拉克·邓肯,https://img3.doubanio.com/view/photo/s_ratio_poster/public/p767586451.jpg
1388216,撞车,保罗·哈吉斯,8.6,桑德拉·布洛克/唐·钱德尔/马特·狄龙,https://img3.doubanio.com/view/photo/s_ratio_poster/public/p2075132390.jpg
1292270,梦之安魂曲,达伦·阿伦诺夫斯基,8.7,艾伦·伯斯汀/杰瑞德·莱托/詹妮弗·康纳利,https://img3.doubanio.com/view/photo/s_ratio_poster/public/p884936202.jpg
3592854,疯狂的麦克斯4：狂暴之路,乔治·米勒,8.6,汤姆·哈迪/查理兹·塞隆/尼古拉斯·霍尔特,https://img3.doubanio.com/view/photo/s_ratio_poster/public/p2236181653.jpg
25954475,聚焦,汤姆·麦卡锡,8.8,马克·鲁弗洛/迈克尔·基顿/瑞秋·麦克亚当斯,https://img1.doubanio.com/view/photo/s_ratio_poster/public/p2263822658.jpg
1294638,E.T. 外星人,史蒂文·斯皮尔伯格,8.6,亨利·托马斯/迪·沃伦斯/罗伯特·麦克纳夫顿,https://img3.doubanio.com/view/photo/s_ratio_poster/public/p984732992.jpg
1291824,黑鹰坠落,雷德利·斯科特,8.6,乔什·哈奈特/伊万·麦克格雷格/汤姆·塞兹摩尔,https://img3.doubanio.com/view/photo/s_ratio_poster/public/p1910900710.jpg
2300586,这个男人来自地球,理查德·沙因克曼,8.5,大卫·李·史密斯/托尼·托德/约翰·比灵斯列,https://img3.doubanio.com/view/photo/s_ratio_poster/public/p513303986.jpg
1291992,末路狂花,雷德利·斯科特,8.7,吉娜·戴维斯/苏珊·萨兰登/哈威·凯特尔,https://img3.doubanio.com/view/photo/s_ratio_poster/public/p794583044.jpg
1867345,遗愿清单,罗伯·莱纳,8.6,杰克·尼科尔森/摩根·弗里曼/西恩·海耶斯,https://img3.doubanio.com/view/photo/s_ratio_poster/public/p708613284.jpg
1292233,发条橙,斯坦利·库布里克,8.5,马尔科姆·麦克道威尔/帕特里克·马基/迈克尔·贝茨,https://img3.doubanio.com/view/photo/s_ratio_poster/public/p529908155.jpg
1292659,变脸,吴宇森,8.4,约翰·特拉沃尔塔/尼古拉斯·凯奇/琼·艾伦,https://img3.doubanio.com/view/photo/s_ratio_poster/public/p2173855883.jpg
4023638,国王的演讲,汤姆·霍珀,8.4,科林·费尔斯/杰弗里·拉什/海伦娜·伯翰·卡特,https://img1.doubanio.com/view/photo/s_ratio_poster/public/p768879237.jpg
5908478,我爱你,秋昌旼,9.0,宋在浩/李顺载/尹秀晶,https://img1.doubanio.com/view/photo/s_ratio_poster/public/p1075591188.jpg
1292728,勇闯夺命岛,迈克尔·贝,8.6,肖恩·康纳利/尼古拉斯·凯奇/艾德·哈里斯,https://img3.doubanio.com/view/photo/s_ratio_poster/public/p636048104.jpg
1300117,千钧一发,安德鲁·尼科尔,8.7,伊桑·霍克/乌玛·瑟曼/裘德·洛,https://img3.doubanio.com/view/photo/s_ratio_poster/public/p2195672555.jpg
1296996,哈利·波特与密室,克里斯·哥伦布,8.4,丹尼尔·雷德克里夫/艾玛·沃森/鲁伯特·格林特,https://img3.doubanio.com/view/photo/s_ratio_poster/public/p1082651990.jpg
1291544,哈利·波特与阿兹卡班的囚徒,阿方索·卡隆,8.5,丹尼尔·雷德克里夫/艾玛·沃森/鲁伯特·格林特,https://img1.doubanio.com/view/photo/s_ratio_poster/public/p1910812549.jpg
1401118,黄金三镖客,赛尔乔·莱昂内,9.1,克林特·伊斯特伍德/埃里·瓦拉赫/李·范·克里夫,https://img1.doubanio.com/view/photo/s_ratio_poster/public/p2101693489.jpg
1292214,非常嫌疑犯,布莱恩·辛格,8.6,史蒂芬·鲍德温/加布里埃尔·伯恩/本尼西奥·德尔·托罗,https://img3.doubanio.com/view/photo/s_ratio_poster/public/p2537319495.jpg
25921812,驴得水,周申,8.3,任素汐/大力/刘帅良,https://img3.doubanio.com/view/photo/s_ratio_poster/public/p2393044761.jpg
2043546,秒速5厘米,新海诚,8.3,水桥研二/近藤好美 /花村怜美,https://img3.doubanio.com/view/photo/s_ratio_poster/public/p982896012.jpg
